<?xml version="1.0" encoding="UTF-8"?>
<project-private xmlns="http://www.netbeans.org/ns/project-private/1">
    <editor-bookmarks xmlns="http://www.netbeans.org/ns/editor-bookmarks/2" lastBookmarkId="0"/>
    <open-files xmlns="http://www.netbeans.org/ns/projectui-open-files/2">
        <group>
            <file>file:/home/suida/NetBeansProjects/TasksAdm/src/APP/App.java</file>
            <file>file:/home/suida/NetBeansProjects/TasksAdm/src/GUi/NcatDialog.java</file>
            <file>file:/home/suida/NetBeansProjects/TasksAdm/src/GUi/Mwindow.java</file>
            <file>file:/home/suida/NetBeansProjects/TasksAdm/src/GUi/CatsDialog.java</file>
            <file>file:/home/suida/NetBeansProjects/TasksAdm/src/TSq/Categoria.java</file>
            <file>file:/home/suida/NetBeansProjects/TasksAdm/src/APP/Validator.java</file>
        </group>
    </open-files>
</project-private>
